﻿Part,Manufacturer,Part Number,Quantity,Price ($),Footprint (mm²),Description
CvinA,Taiyo Yuden,EMK107B7104KA-T,1,0.01,4.68,Cap: 100 nF  Total Derated Cap: 100 nF  VDC: 16 V  ESR: 1 mΩ  Package: 0603  
Cin,MuRata,GRM188R60J226MEA0D,1,0.04,4.68,Cap: 22 µF  Total Derated Cap: 6 µF  VDC: 6.3 V  ESR: 1 mΩ  Package: 0603  
Cout,MuRata,GRM188R60J226MEA0D,2,0.04,4.68,Cap: 22 µF  Total Derated Cap: 16 µF  VDC: 6.3 V  ESR: 1 mΩ  Package: 0603  
L1,MuRata,DFE201610E-1R0M=P2,1,0.11,7.8,L: 1 µH  DCR: 57 mΩ  IDC: 2.7 A  
U1,Texas Instruments,TPS63021DSJR,1,0.9,20,