﻿Part,Manufacturer,Part Number,Quantity,Price ($),Footprint (mm²),Description
U1,Texas Instruments,TPS61023DRLR,1,0.294,6.76,
Cout,TDK,C2012X5R1V156M125AC,2,0.2,6.75,Cap: 15 µF  Total Derated Cap: 13 µF  VDC: 35 V  ESR: 1.67 mΩ  Package: 0805  
Rfbb,Vishay-Dale,CRCW0603100KFKEA,1,0.01,4.68,Resistance: 100 kΩ  Tolerance: 1.0%  Power: 100 mW  
Rfbt,Vishay-Dale,CRCW0603732KFKEA,1,0.01,4.68,Resistance: 732 kΩ  Tolerance: 1.0%  Power: 100 mW  
L1,Wurth Elektronik,74438357010,1,1.22,26.01,L: 1 µH  DCR: 13.5 mΩ  IDC: 7.4 A  
Cin,Kemet,C0805C106K8PACTU,2,0.03,6.75,Cap: 10 µF  Total Derated Cap: 17 µF  VDC: 10 V  ESR: 3 mΩ  Package: 0805  